ticket_id,date,category,priority,resolution_time,repeated_issue,after_hours,is_breach
T0001,2023-02-22,Data Export,Low,4,False,True,True
T0002,2023-11-05,Data Export,Low,55,True,True,True
T0003,2023-01-04,Login Issue,Medium,70,False,False,False
T0004,2023-02-22,Malware Alert,Critical,44,True,True,False
T0005,2023-01-23,Login Issue,Critical,13,False,False,False
T0006,2023-05-31,Data Export,Critical,69,True,False,True
T0007,2023-05-29,Data Export,High,25,False,True,True
T0008,2023-03-25,Login Issue,Medium,13,False,False,False
T0009,2023-02-06,Access Request,High,27,False,False,False
T0010,2023-11-24,Phishing Email,Medium,69,False,True,True
T0011,2023-01-17,Data Export,Medium,42,False,False,False
T0012,2023-06-11,Access Request,Critical,35,True,False,False
T0013,2023-03-13,Malware Alert,Critical,51,False,False,True
T0014,2023-03-12,Malware Alert,High,55,False,False,True
T0015,2023-03-23,Phishing Email,Critical,12,False,False,True
T0016,2023-05-09,Data Export,Critical,9,False,False,False
T0017,2023-11-25,Phishing Email,Low,15,False,False,True
T0018,2023-05-15,Access Request,Low,38,False,False,False
T0019,2023-11-24,Phishing Email,Medium,65,False,False,True
T0020,2023-09-29,Phishing Email,Medium,20,False,True,False
T0021,2023-06-07,Login Issue,High,63,True,False,False
T0022,2023-09-06,Malware Alert,Low,31,False,False,True
T0023,2023-09-28,Login Issue,Medium,17,False,False,False
T0024,2023-06-09,Phishing Email,Critical,28,False,False,False
T0025,2023-02-02,Slow Performance,High,57,False,False,False
T0026,2023-11-20,Access Request,Low,71,True,True,True
T0027,2023-05-02,Login Issue,Medium,9,False,False,False
T0028,2023-10-23,Access Request,Critical,28,False,False,False
T0029,2023-08-09,Slow Performance,Medium,61,False,True,True
T0030,2023-11-27,Access Request,Critical,53,False,False,False
T0031,2023-04-09,Login Issue,Low,52,False,False,False
T0032,2023-02-08,Malware Alert,Critical,18,False,False,True
T0033,2023-02-17,Slow Performance,Low,7,False,False,True
T0034,2023-01-31,Malware Alert,Medium,53,False,True,True
T0035,2023-08-21,Malware Alert,Critical,1,False,False,False
T0036,2023-04-22,Access Request,Critical,72,False,False,True
T0037,2023-09-29,Login Issue,Low,41,True,False,False
T0038,2023-12-12,Malware Alert,Low,66,True,True,False
T0039,2023-01-21,Malware Alert,Critical,16,False,False,False
T0040,2023-05-14,Phishing Email,Low,54,False,False,True
T0041,2023-08-23,Malware Alert,High,31,True,True,True
T0042,2023-02-07,Access Request,Low,2,False,False,False
T0043,2023-05-06,Phishing Email,Medium,65,True,False,False
T0044,2023-12-01,Access Request,High,21,False,False,False
T0045,2023-03-10,Phishing Email,Low,71,True,False,False
T0046,2023-04-18,Access Request,Low,14,False,True,False
T0047,2023-05-09,Data Export,High,27,False,False,False
T0048,2023-03-08,Login Issue,Low,55,False,True,False
T0049,2023-01-05,Data Export,High,21,False,False,False
T0050,2023-03-17,Login Issue,Low,20,False,False,False
T0051,2023-01-21,Slow Performance,Medium,6,False,False,False
T0052,2023-07-28,Access Request,Medium,32,False,False,False
T0053,2023-07-31,Phishing Email,Medium,31,False,False,False
T0054,2023-05-08,Login Issue,Medium,43,False,False,False
T0055,2023-04-13,Access Request,Medium,14,False,True,False
T0056,2023-12-04,Slow Performance,High,40,False,False,False
T0057,2023-06-29,Malware Alert,Critical,43,True,True,False
T0058,2023-05-14,Data Export,Critical,69,False,True,False
T0059,2023-06-10,Malware Alert,High,5,True,False,False
T0060,2023-08-12,Slow Performance,Low,50,False,True,True
T0061,2023-11-16,Login Issue,Medium,47,False,False,False
T0062,2023-12-23,Access Request,Low,39,False,False,False
T0063,2023-03-31,Access Request,Medium,25,False,False,False
T0064,2023-08-09,Phishing Email,High,52,False,True,True
T0065,2023-03-28,Phishing Email,High,60,False,False,False
T0066,2023-05-01,Data Export,Low,37,False,False,False
T0067,2023-09-01,Data Export,High,29,False,True,True
T0068,2023-12-23,Phishing Email,Low,59,False,False,True
T0069,2023-02-24,Slow Performance,Critical,52,True,False,True
T0070,2023-10-13,Slow Performance,Medium,23,False,False,False
T0071,2023-10-14,Malware Alert,Low,59,True,False,False
T0072,2023-10-08,Phishing Email,High,57,False,False,False
T0073,2023-05-22,Slow Performance,Medium,61,False,False,False
T0074,2023-05-20,Phishing Email,Critical,31,True,True,True
T0075,2023-03-20,Access Request,High,70,True,True,True
T0076,2023-02-01,Data Export,Medium,9,False,False,False
T0077,2023-10-22,Malware Alert,Critical,50,False,False,False
T0078,2023-08-03,Slow Performance,Critical,1,False,False,False
T0079,2023-06-22,Phishing Email,Medium,63,True,False,True
T0080,2023-10-01,Data Export,Critical,22,False,False,False
T0081,2023-04-04,Login Issue,Critical,4,True,False,False
T0082,2023-07-14,Login Issue,High,49,False,False,False
T0083,2023-01-27,Access Request,Critical,33,False,False,False
T0084,2023-05-07,Access Request,Medium,9,False,False,False
T0085,2023-04-22,Malware Alert,Low,20,True,False,True
T0086,2023-02-28,Slow Performance,High,48,True,False,False
T0087,2023-07-12,Malware Alert,High,14,False,False,False
T0088,2023-12-23,Slow Performance,Medium,10,False,False,False
T0089,2023-09-17,Access Request,Low,6,False,False,False
T0090,2023-07-05,Data Export,High,2,False,False,True
T0091,2023-05-19,Data Export,Critical,20,False,False,False
T0092,2023-05-06,Phishing Email,Critical,60,False,False,True
T0093,2023-07-14,Login Issue,High,58,True,False,False
T0094,2023-05-13,Access Request,Low,64,False,True,False
T0095,2023-05-04,Access Request,High,36,False,False,True
T0096,2023-12-31,Data Export,Critical,63,False,True,False
T0097,2023-06-06,Slow Performance,Critical,3,True,True,False
T0098,2023-10-09,Data Export,High,61,False,False,False
T0099,2023-04-09,Access Request,High,59,True,False,True
T0100,2023-09-05,Access Request,Low,69,False,False,False
T0101,2023-06-04,Access Request,High,13,False,False,False
T0102,2023-03-06,Login Issue,Medium,36,True,True,False
T0103,2023-08-14,Data Export,Critical,14,False,False,False
T0104,2023-02-03,Access Request,Medium,7,True,False,True
T0105,2023-10-16,Slow Performance,Critical,10,False,False,True
T0106,2023-11-13,Access Request,Low,32,True,False,False
T0107,2023-08-08,Malware Alert,Critical,58,False,False,False
T0108,2023-12-05,Access Request,Low,13,False,True,False
T0109,2023-08-19,Login Issue,Medium,31,True,True,True
T0110,2023-08-21,Data Export,Critical,38,True,False,True
T0111,2023-04-12,Login Issue,Medium,34,False,False,False
T0112,2023-03-14,Slow Performance,Low,70,True,True,False
T0113,2023-05-28,Login Issue,Low,22,False,False,False
T0114,2023-09-14,Slow Performance,Low,60,False,False,False
T0115,2023-06-15,Phishing Email,Critical,57,True,True,True
T0116,2023-10-22,Phishing Email,High,4,True,False,False
T0117,2023-09-23,Phishing Email,Low,35,False,False,True
T0118,2023-09-09,Data Export,Critical,36,True,False,False
T0119,2023-03-24,Login Issue,Critical,45,False,False,True
T0120,2023-10-09,Access Request,Critical,64,True,False,False
T0121,2023-07-26,Login Issue,Critical,12,False,False,False
T0122,2023-11-15,Phishing Email,Low,70,False,True,False
T0123,2023-08-13,Slow Performance,Critical,7,True,False,False
T0124,2023-12-30,Data Export,Critical,16,True,False,False
T0125,2023-02-28,Malware Alert,High,71,True,False,True
T0126,2023-05-20,Slow Performance,Low,20,False,False,False
T0127,2023-11-03,Slow Performance,Critical,61,True,False,False
T0128,2023-09-17,Phishing Email,Medium,9,True,False,True
T0129,2023-12-04,Access Request,Low,37,False,False,False
T0130,2023-10-06,Slow Performance,Medium,58,False,False,False
T0131,2023-07-16,Slow Performance,Critical,42,False,False,False
T0132,2023-07-15,Malware Alert,Critical,6,False,False,False
T0133,2023-06-19,Slow Performance,Medium,64,False,True,False
T0134,2023-07-29,Login Issue,Critical,13,False,False,False
T0135,2023-12-21,Data Export,Medium,10,False,False,False
T0136,2023-06-12,Slow Performance,Low,43,False,False,False
T0137,2023-05-28,Data Export,Critical,70,True,True,False
T0138,2023-02-21,Malware Alert,Low,56,False,False,False
T0139,2023-05-31,Slow Performance,Medium,39,False,True,False
T0140,2023-04-03,Access Request,High,56,True,False,False
T0141,2023-09-12,Malware Alert,Medium,11,False,False,False
T0142,2023-01-05,Phishing Email,Medium,30,False,False,True
T0143,2023-10-28,Slow Performance,High,70,True,False,False
T0144,2023-09-05,Access Request,Critical,33,False,False,False
T0145,2023-06-01,Login Issue,Medium,49,False,False,False
T0146,2023-01-26,Login Issue,Critical,36,True,False,False
T0147,2023-04-23,Phishing Email,Critical,37,False,True,False
T0148,2023-03-12,Data Export,Medium,33,False,False,False
T0149,2023-03-09,Data Export,Low,6,False,False,False
T0150,2023-10-04,Login Issue,High,42,False,True,True
T0151,2023-06-01,Access Request,High,22,True,False,False
T0152,2023-04-26,Data Export,High,15,False,True,False
T0153,2023-10-02,Data Export,Critical,72,False,False,True
T0154,2023-11-23,Login Issue,Critical,48,False,False,False
T0155,2023-06-17,Access Request,Low,30,False,False,False
T0156,2023-11-29,Phishing Email,Medium,9,False,False,False
T0157,2023-03-01,Slow Performance,Low,18,True,True,False
T0158,2023-12-23,Login Issue,Medium,69,True,False,False
T0159,2023-11-12,Phishing Email,Critical,20,False,False,False
T0160,2023-05-01,Slow Performance,High,5,False,True,False
T0161,2023-07-23,Access Request,Low,48,False,False,False
T0162,2023-04-19,Access Request,Medium,16,False,False,False
T0163,2023-10-17,Data Export,Low,7,False,True,True
T0164,2023-06-18,Malware Alert,Low,71,True,True,False
T0165,2023-05-09,Malware Alert,Low,36,False,True,True
T0166,2023-10-29,Malware Alert,Low,4,True,False,False
T0167,2023-02-28,Access Request,Low,23,True,True,False
T0168,2023-08-20,Data Export,Low,61,False,False,False
T0169,2023-06-04,Phishing Email,Medium,6,False,False,False
T0170,2023-02-25,Slow Performance,Low,8,False,False,False
T0171,2023-03-06,Slow Performance,Critical,10,False,False,True
T0172,2023-11-06,Access Request,High,49,False,False,False
T0173,2023-04-21,Slow Performance,Low,15,False,False,False
T0174,2023-02-18,Slow Performance,Critical,30,False,False,False
T0175,2023-08-31,Access Request,Critical,41,False,False,True
T0176,2023-03-08,Login Issue,Low,11,True,True,False
T0177,2023-12-07,Phishing Email,Low,72,False,False,False
T0178,2023-04-19,Slow Performance,Low,37,False,False,False
T0179,2023-02-28,Malware Alert,Critical,29,False,False,False
T0180,2023-11-11,Access Request,Medium,55,False,False,False
T0181,2023-06-23,Data Export,Low,35,True,False,False
T0182,2023-03-14,Access Request,Low,24,False,False,False
T0183,2023-06-24,Data Export,Low,12,False,True,False
T0184,2023-02-13,Malware Alert,High,40,False,False,False
T0185,2023-08-15,Login Issue,Medium,21,False,True,True
T0186,2023-09-20,Data Export,Critical,63,False,False,False
T0187,2023-09-27,Login Issue,High,56,True,False,False
T0188,2023-04-15,Data Export,High,6,True,False,True
T0189,2023-09-12,Access Request,Medium,18,False,False,False
T0190,2023-10-14,Data Export,Critical,23,True,False,True
T0191,2023-08-24,Data Export,High,10,False,False,False
T0192,2023-02-28,Login Issue,High,55,False,False,False
T0193,2023-12-20,Slow Performance,Low,42,True,False,False
T0194,2023-09-26,Access Request,Low,56,False,True,False
T0195,2023-02-09,Login Issue,Critical,40,False,True,False
T0196,2023-11-27,Phishing Email,Low,68,False,False,True
T0197,2023-12-02,Malware Alert,Medium,14,True,True,False
T0198,2023-12-15,Login Issue,Medium,64,False,False,False
T0199,2023-06-05,Phishing Email,High,41,True,True,True
T0200,2023-01-30,Access Request,Low,46,False,False,False
T0201,2023-11-01,Access Request,High,10,False,False,True
T0202,2023-01-22,Phishing Email,Critical,60,False,False,False
T0203,2023-08-19,Slow Performance,Medium,42,False,False,False
T0204,2023-08-13,Login Issue,High,11,False,True,True
T0205,2023-06-23,Slow Performance,Medium,47,False,False,False
T0206,2023-05-26,Data Export,Low,43,True,True,False
T0207,2023-06-08,Access Request,Medium,43,True,False,False
T0208,2023-07-12,Data Export,Critical,17,False,False,False
T0209,2023-12-17,Data Export,High,17,False,False,False
T0210,2023-04-20,Phishing Email,Low,55,False,True,True
T0211,2023-02-21,Access Request,Critical,25,True,True,True
T0212,2023-03-20,Phishing Email,Low,44,False,False,False
T0213,2023-05-02,Malware Alert,Medium,22,False,True,True
T0214,2023-08-29,Slow Performance,High,58,True,True,False
T0215,2023-09-28,Malware Alert,High,57,False,False,True
T0216,2023-11-25,Slow Performance,Medium,26,False,True,False
T0217,2023-03-05,Slow Performance,High,71,False,False,False
T0218,2023-08-12,Access Request,Low,21,True,False,True
T0219,2023-07-22,Login Issue,Medium,58,False,False,False
T0220,2023-06-13,Phishing Email,High,31,False,True,True
T0221,2023-12-23,Login Issue,High,19,True,False,False
T0222,2023-04-21,Malware Alert,Critical,58,False,False,True
T0223,2023-05-03,Malware Alert,Critical,15,False,True,True
T0224,2023-01-09,Slow Performance,Critical,9,True,False,False
T0225,2023-10-20,Data Export,Medium,19,True,True,False
T0226,2023-10-06,Slow Performance,Medium,11,False,False,False
T0227,2023-07-11,Phishing Email,Low,50,False,True,True
T0228,2023-11-18,Access Request,Low,46,False,False,False
T0229,2023-03-31,Login Issue,High,18,True,False,False
T0230,2023-08-23,Data Export,Critical,62,False,False,True
T0231,2023-06-08,Login Issue,High,26,True,True,True
T0232,2023-05-27,Phishing Email,Critical,70,False,True,False
T0233,2023-07-24,Access Request,Low,43,True,False,False
T0234,2023-07-08,Data Export,Critical,50,False,True,False
T0235,2023-04-03,Phishing Email,High,11,False,True,False
T0236,2023-08-17,Phishing Email,High,42,True,False,True
T0237,2023-06-30,Phishing Email,Critical,22,False,False,True
T0238,2023-12-10,Phishing Email,Critical,36,False,False,True
T0239,2023-01-16,Data Export,Critical,47,False,False,True
T0240,2023-07-05,Malware Alert,Critical,5,True,True,True
T0241,2023-02-09,Slow Performance,Low,20,False,False,False
T0242,2023-02-28,Phishing Email,Medium,68,False,False,True
T0243,2023-05-14,Login Issue,Medium,64,False,False,False
T0244,2023-09-09,Data Export,Critical,28,False,False,False
T0245,2023-08-16,Malware Alert,Low,18,False,False,False
T0246,2023-06-03,Login Issue,High,45,False,False,False
T0247,2023-03-13,Malware Alert,Medium,47,False,True,True
T0248,2023-10-10,Malware Alert,Critical,4,False,False,True
T0249,2023-09-27,Malware Alert,Low,9,False,False,False
T0250,2023-08-27,Slow Performance,Critical,10,True,False,True
T0251,2023-04-04,Data Export,High,17,False,False,False
T0252,2023-03-20,Malware Alert,Critical,65,False,True,True
T0253,2023-09-23,Access Request,Medium,21,False,False,False
T0254,2023-11-17,Access Request,Low,33,True,False,False
T0255,2023-03-29,Access Request,Low,65,False,False,False
T0256,2023-11-25,Data Export,High,6,False,True,True
T0257,2023-09-12,Phishing Email,High,27,False,False,False
T0258,2023-06-02,Data Export,High,39,False,False,False
T0259,2023-06-24,Slow Performance,Low,8,True,False,False
T0260,2023-06-26,Phishing Email,Medium,41,False,False,False
T0261,2023-03-04,Slow Performance,Medium,48,False,True,False
T0262,2023-11-12,Access Request,Critical,32,True,True,False
T0263,2023-04-08,Slow Performance,Medium,21,False,False,False
T0264,2023-02-16,Malware Alert,Critical,66,False,False,True
T0265,2023-09-11,Slow Performance,Critical,31,True,False,True
T0266,2023-05-16,Phishing Email,Critical,37,False,False,True
T0267,2023-04-10,Data Export,High,52,False,False,False
T0268,2023-11-16,Access Request,High,10,False,False,False
T0269,2023-06-23,Data Export,Low,17,False,False,False
T0270,2023-01-24,Phishing Email,High,19,True,False,True
T0271,2023-09-21,Login Issue,Medium,43,False,False,False
T0272,2023-06-03,Malware Alert,High,41,True,False,False
T0273,2023-06-03,Phishing Email,High,65,False,False,False
T0274,2023-06-07,Slow Performance,Low,48,False,True,False
T0275,2023-10-24,Data Export,Low,61,True,False,False
T0276,2023-11-14,Phishing Email,Medium,7,False,True,False
T0277,2023-01-10,Slow Performance,Medium,32,True,False,True
T0278,2023-11-10,Slow Performance,High,54,True,False,False
T0279,2023-09-02,Slow Performance,Low,18,False,False,False
T0280,2023-10-07,Phishing Email,Critical,41,False,False,False
T0281,2023-04-26,Access Request,High,62,True,True,False
T0282,2023-10-14,Access Request,High,27,False,False,False
T0283,2023-07-22,Data Export,High,37,True,False,False
T0284,2023-08-15,Access Request,Medium,38,True,False,True
T0285,2023-10-15,Data Export,High,62,True,False,True
T0286,2023-01-26,Data Export,High,18,True,False,True
T0287,2023-02-21,Data Export,Medium,30,True,False,False
T0288,2023-12-01,Data Export,Medium,1,False,False,False
T0289,2023-01-31,Slow Performance,Critical,26,False,False,False
T0290,2023-03-31,Login Issue,Medium,69,False,False,True
T0291,2023-05-29,Slow Performance,Medium,5,False,False,False
T0292,2023-05-26,Login Issue,Low,39,False,True,False
T0293,2023-02-27,Slow Performance,Critical,18,False,False,True
T0294,2023-06-22,Access Request,Medium,59,False,False,True
T0295,2023-08-07,Access Request,Medium,23,False,False,False
T0296,2023-09-02,Phishing Email,High,12,False,True,False
T0297,2023-06-18,Access Request,Medium,1,True,True,False
T0298,2023-03-02,Access Request,Low,34,False,False,False
T0299,2023-12-27,Slow Performance,High,21,False,False,False
T0300,2023-09-02,Access Request,Low,38,False,True,False
T0301,2023-10-03,Malware Alert,Critical,48,False,False,True
T0302,2023-09-27,Data Export,Medium,32,False,False,False
T0303,2023-09-16,Slow Performance,High,10,False,True,False
T0304,2023-04-16,Malware Alert,Medium,22,False,False,True
T0305,2023-03-09,Data Export,Critical,12,False,False,True
T0306,2023-06-07,Phishing Email,Critical,59,False,False,False
T0307,2023-02-07,Data Export,Low,51,True,True,True
T0308,2023-02-05,Login Issue,Critical,45,False,False,True
T0309,2023-11-27,Slow Performance,Low,37,False,False,False
T0310,2023-02-11,Slow Performance,High,49,False,False,False
T0311,2023-03-07,Data Export,Medium,45,True,False,False
T0312,2023-10-06,Data Export,Medium,1,False,False,False
T0313,2023-02-27,Slow Performance,Critical,30,True,False,True
T0314,2023-08-17,Login Issue,Critical,3,True,True,False
T0315,2023-04-22,Phishing Email,Low,32,False,False,True
T0316,2023-10-22,Login Issue,Medium,65,False,True,False
T0317,2023-04-24,Access Request,High,31,False,True,False
T0318,2023-03-31,Slow Performance,High,36,True,False,False
T0319,2023-12-10,Data Export,Critical,72,False,False,False
T0320,2023-10-03,Slow Performance,High,54,False,False,True
T0321,2023-01-30,Slow Performance,Medium,29,False,False,False
T0322,2023-04-15,Phishing Email,Critical,54,False,True,True
T0323,2023-04-08,Access Request,Low,58,False,True,False
T0324,2023-04-07,Login Issue,High,49,False,False,False
T0325,2023-01-08,Phishing Email,Medium,62,True,False,True
T0326,2023-12-23,Malware Alert,Medium,16,False,False,False
T0327,2023-07-14,Phishing Email,Medium,51,False,False,False
T0328,2023-02-20,Slow Performance,High,40,True,False,False
T0329,2023-10-16,Data Export,Critical,41,False,False,False
T0330,2023-08-02,Malware Alert,Medium,3,True,False,False
T0331,2023-09-13,Access Request,Medium,26,False,False,False
T0332,2023-09-09,Phishing Email,High,33,False,False,False
T0333,2023-10-05,Slow Performance,Medium,46,True,False,False
T0334,2023-12-09,Data Export,Low,68,True,False,False
T0335,2023-03-19,Login Issue,Low,53,True,False,True
T0336,2023-11-12,Login Issue,Medium,65,False,True,False
T0337,2023-09-29,Slow Performance,Critical,3,True,False,True
T0338,2023-12-12,Data Export,High,69,False,True,False
T0339,2023-11-14,Slow Performance,Medium,14,False,False,False
T0340,2023-07-27,Phishing Email,High,46,True,False,True
T0341,2023-11-29,Slow Performance,Medium,29,True,False,True
T0342,2023-01-05,Login Issue,Low,52,False,False,False
T0343,2023-10-17,Data Export,Medium,11,False,False,False
T0344,2023-09-01,Login Issue,Low,30,True,False,False
T0345,2023-12-03,Access Request,Low,10,False,False,False
T0346,2023-12-31,Login Issue,Medium,41,True,True,True
T0347,2023-07-19,Slow Performance,Low,39,True,True,False
T0348,2023-02-10,Data Export,High,50,False,True,False
T0349,2023-11-06,Phishing Email,High,7,True,True,True
T0350,2023-09-09,Phishing Email,Critical,42,True,False,False
T0351,2023-12-05,Malware Alert,High,71,False,False,False
T0352,2023-03-20,Slow Performance,Low,38,False,False,False
T0353,2023-06-07,Slow Performance,Medium,50,False,True,True
T0354,2023-10-13,Slow Performance,High,35,True,True,False
T0355,2023-11-03,Phishing Email,Critical,14,True,False,True
T0356,2023-10-14,Access Request,Critical,2,True,False,True
T0357,2023-03-16,Malware Alert,Medium,49,True,False,True
T0358,2023-07-04,Login Issue,Medium,56,True,False,False
T0359,2023-06-05,Access Request,Medium,64,False,True,True
T0360,2023-08-14,Login Issue,Critical,43,False,False,False
T0361,2023-09-03,Access Request,Critical,18,False,False,False
T0362,2023-09-09,Access Request,Medium,51,False,False,False
T0363,2023-02-28,Phishing Email,Medium,42,False,False,False
T0364,2023-08-25,Phishing Email,Medium,70,True,False,True
T0365,2023-07-29,Data Export,Medium,57,False,False,False
T0366,2023-08-05,Data Export,Critical,18,False,True,False
T0367,2023-09-17,Slow Performance,Low,58,False,False,False
T0368,2023-10-02,Data Export,Critical,70,True,False,False
T0369,2023-11-28,Phishing Email,Low,14,False,False,False
T0370,2023-02-24,Phishing Email,Low,52,False,False,False
T0371,2023-12-19,Login Issue,Low,34,True,False,False
T0372,2023-12-20,Phishing Email,Medium,58,False,False,False
T0373,2023-02-13,Phishing Email,Medium,45,False,False,True
T0374,2023-09-05,Login Issue,Medium,45,False,False,False
T0375,2023-06-03,Access Request,Critical,13,False,False,False
T0376,2023-03-26,Login Issue,Low,3,False,False,False
T0377,2023-08-25,Data Export,Medium,67,True,True,False
T0378,2023-11-11,Malware Alert,Critical,24,True,False,True
T0379,2023-12-27,Malware Alert,Critical,55,False,False,True
T0380,2023-05-15,Login Issue,Low,69,True,False,False
T0381,2023-07-20,Data Export,Critical,68,False,False,False
T0382,2023-12-11,Phishing Email,Low,45,False,False,True
T0383,2023-03-01,Data Export,High,11,False,False,False
T0384,2023-07-16,Malware Alert,High,19,False,False,True
T0385,2023-03-30,Slow Performance,Medium,63,False,False,False
T0386,2023-11-14,Phishing Email,Medium,63,True,True,False
T0387,2023-10-15,Login Issue,High,2,False,True,False
T0388,2023-09-08,Phishing Email,Critical,53,False,False,False
T0389,2023-04-26,Malware Alert,Low,4,False,True,True
T0390,2023-09-11,Phishing Email,High,22,False,False,False
T0391,2023-10-05,Phishing Email,Low,15,True,False,False
T0392,2023-12-01,Login Issue,Critical,70,True,False,False
T0393,2023-08-13,Malware Alert,High,5,False,False,False
T0394,2023-12-30,Login Issue,Medium,27,False,False,False
T0395,2023-01-31,Phishing Email,Critical,22,False,False,False
T0396,2023-12-27,Phishing Email,High,69,True,False,True
T0397,2023-02-18,Access Request,High,35,False,False,False
T0398,2023-03-09,Malware Alert,Critical,8,False,False,True
T0399,2023-09-08,Malware Alert,Medium,42,False,False,False
T0400,2023-02-17,Malware Alert,High,54,False,True,False
T0401,2023-02-17,Slow Performance,High,48,False,False,False
T0402,2023-08-08,Data Export,Critical,46,False,False,False
T0403,2023-03-08,Malware Alert,Critical,35,False,False,False
T0404,2023-11-17,Phishing Email,Critical,44,False,False,True
T0405,2023-08-08,Slow Performance,Low,16,False,True,False
T0406,2023-12-02,Malware Alert,Medium,39,True,False,True
T0407,2023-07-22,Access Request,High,11,False,False,True
T0408,2023-04-20,Data Export,High,30,False,True,True
T0409,2023-01-05,Slow Performance,Low,17,False,False,False
T0410,2023-02-06,Data Export,High,16,False,False,True
T0411,2023-06-03,Malware Alert,Critical,12,False,True,True
T0412,2023-10-16,Malware Alert,Critical,18,False,False,True
T0413,2023-07-30,Login Issue,Medium,57,False,True,False
T0414,2023-10-29,Phishing Email,Critical,28,True,True,False
T0415,2023-05-22,Data Export,Critical,45,False,False,True
T0416,2023-12-20,Data Export,Low,32,False,False,False
T0417,2023-06-01,Login Issue,High,27,False,False,False
T0418,2023-11-01,Data Export,Low,31,False,True,False
T0419,2023-10-19,Login Issue,Low,47,False,True,False
T0420,2023-02-07,Slow Performance,High,70,False,False,False
T0421,2023-07-23,Login Issue,Low,2,True,True,True
T0422,2023-11-24,Phishing Email,High,65,False,False,True
T0423,2023-03-21,Phishing Email,Medium,36,True,True,False
T0424,2023-11-26,Phishing Email,High,51,False,False,False
T0425,2023-02-14,Login Issue,High,56,False,False,True
T0426,2023-12-03,Slow Performance,Low,59,False,True,False
T0427,2023-09-12,Data Export,Medium,16,True,True,True
T0428,2023-03-02,Access Request,High,22,False,False,False
T0429,2023-10-23,Login Issue,High,55,True,True,False
T0430,2023-10-18,Data Export,Low,64,False,False,False
T0431,2023-03-01,Malware Alert,High,21,True,True,True
T0432,2023-07-06,Malware Alert,Low,6,False,True,True
T0433,2023-12-02,Slow Performance,Medium,23,False,False,False
T0434,2023-02-09,Slow Performance,Medium,42,True,False,False
T0435,2023-09-22,Phishing Email,High,16,False,False,True
T0436,2023-06-09,Login Issue,Critical,9,False,False,False
T0437,2023-06-05,Access Request,Low,71,False,False,False
T0438,2023-04-11,Data Export,Medium,60,False,False,False
T0439,2023-06-27,Data Export,Medium,20,True,False,False
T0440,2023-06-07,Data Export,Low,43,True,False,False
T0441,2023-03-14,Login Issue,Medium,68,False,False,False
T0442,2023-07-31,Data Export,High,12,True,True,False
T0443,2023-03-10,Data Export,High,59,False,True,True
T0444,2023-03-08,Data Export,Critical,10,False,True,False
T0445,2023-06-17,Malware Alert,High,34,False,False,True
T0446,2023-10-27,Access Request,Critical,35,True,False,True
T0447,2023-10-02,Login Issue,Medium,14,True,False,False
T0448,2023-03-22,Access Request,Medium,58,False,False,False
T0449,2023-12-31,Data Export,High,6,True,False,True
T0450,2023-03-31,Malware Alert,High,51,False,False,True
T0451,2023-02-22,Login Issue,Critical,58,False,False,True
T0452,2023-04-12,Malware Alert,Low,2,True,False,True
T0453,2023-01-12,Slow Performance,High,11,False,False,False
T0454,2023-06-19,Login Issue,Medium,57,False,True,False
T0455,2023-07-22,Login Issue,Low,60,True,False,False
T0456,2023-04-06,Slow Performance,Low,49,False,True,False
T0457,2023-05-06,Access Request,High,58,False,True,False
T0458,2023-05-24,Data Export,High,64,False,False,True
T0459,2023-11-19,Slow Performance,Medium,54,True,False,False
T0460,2023-09-06,Phishing Email,Low,49,False,False,False
T0461,2023-01-16,Access Request,High,50,True,True,False
T0462,2023-03-23,Access Request,Low,61,False,False,False
T0463,2023-01-29,Login Issue,Medium,31,True,False,False
T0464,2023-05-02,Malware Alert,Critical,46,False,False,True
T0465,2023-10-18,Phishing Email,High,46,False,True,False
T0466,2023-10-05,Phishing Email,Medium,25,False,False,False
T0467,2023-01-11,Access Request,Medium,63,True,True,False
T0468,2023-06-24,Phishing Email,Critical,1,False,False,False
T0469,2023-03-14,Data Export,Medium,42,True,True,False
T0470,2023-02-21,Login Issue,High,10,False,False,False
T0471,2023-11-24,Access Request,High,42,True,True,False
T0472,2023-11-11,Slow Performance,High,23,False,False,False
T0473,2023-04-01,Access Request,Medium,23,False,False,False
T0474,2023-04-04,Data Export,Low,51,False,False,False
T0475,2023-06-19,Phishing Email,High,29,False,True,True
T0476,2023-02-15,Data Export,Low,31,False,False,False
T0477,2023-06-29,Data Export,High,58,True,True,False
T0478,2023-03-27,Access Request,Low,1,True,False,False
T0479,2023-10-23,Slow Performance,Critical,49,False,False,False
T0480,2023-01-11,Data Export,Medium,21,False,False,True
T0481,2023-02-08,Access Request,High,14,True,True,True
T0482,2023-01-16,Phishing Email,Low,44,False,False,False
T0483,2023-04-08,Slow Performance,Medium,56,True,True,True
T0484,2023-10-09,Slow Performance,High,37,True,True,True
T0485,2023-12-05,Slow Performance,Medium,7,False,False,False
T0486,2023-02-11,Data Export,Critical,26,True,True,False
T0487,2023-05-16,Slow Performance,Low,40,False,False,False
T0488,2023-01-23,Login Issue,Critical,24,False,False,True
T0489,2023-03-19,Access Request,Critical,60,True,False,False
T0490,2023-10-29,Data Export,Low,11,False,False,False
T0491,2023-09-01,Malware Alert,Low,50,False,False,False
T0492,2023-01-18,Phishing Email,Medium,61,True,False,False
T0493,2023-03-27,Phishing Email,Medium,16,False,False,False
T0494,2023-04-14,Malware Alert,Medium,17,True,True,False
T0495,2023-02-14,Data Export,Medium,34,False,False,False
T0496,2023-01-07,Slow Performance,Critical,71,False,False,False
T0497,2023-02-21,Data Export,Critical,15,False,True,False
T0498,2023-05-16,Login Issue,Low,37,False,False,False
T0499,2023-11-08,Slow Performance,Critical,61,True,False,True
T0500,2023-01-26,Data Export,Critical,5,False,False,False
T0501,2023-06-05,Data Export,Critical,35,False,True,False
T0502,2023-04-27,Access Request,High,63,False,False,False
T0503,2023-11-06,Malware Alert,High,57,False,False,False
T0504,2023-09-06,Data Export,Low,25,False,False,False
T0505,2023-09-17,Phishing Email,High,8,False,True,True
T0506,2023-04-13,Slow Performance,Medium,68,False,True,False
T0507,2023-05-21,Login Issue,Medium,5,False,False,False
T0508,2023-05-04,Access Request,Critical,65,False,False,False
T0509,2023-06-29,Access Request,Critical,58,True,False,False
T0510,2023-07-17,Access Request,Medium,34,False,False,False
T0511,2023-05-18,Login Issue,Medium,28,False,False,False
T0512,2023-01-05,Data Export,Critical,66,True,False,False
T0513,2023-06-06,Slow Performance,Medium,23,False,True,False
T0514,2023-04-22,Data Export,High,55,False,False,False
T0515,2023-09-19,Slow Performance,High,67,False,False,True
T0516,2023-02-25,Data Export,High,72,False,False,False
T0517,2023-05-14,Slow Performance,Low,44,False,False,False
T0518,2023-11-04,Data Export,High,25,True,False,False
T0519,2023-05-13,Slow Performance,High,18,False,False,False
T0520,2023-04-08,Slow Performance,Critical,50,False,False,False
T0521,2023-07-03,Access Request,Medium,69,False,False,False
T0522,2023-02-19,Phishing Email,High,22,False,False,True
T0523,2023-12-15,Slow Performance,Medium,34,False,False,False
T0524,2023-06-19,Access Request,Low,29,False,False,False
T0525,2023-11-21,Access Request,High,38,False,True,True
T0526,2023-07-15,Phishing Email,Low,61,False,False,False
T0527,2023-04-13,Phishing Email,High,53,True,False,True
T0528,2023-02-11,Access Request,Critical,59,True,False,True
T0529,2023-04-18,Slow Performance,High,23,False,True,False
T0530,2023-08-11,Malware Alert,Medium,63,False,False,True
T0531,2023-10-01,Data Export,Critical,52,False,False,True
T0532,2023-01-10,Malware Alert,High,2,False,False,False
T0533,2023-02-22,Data Export,Low,32,True,False,False
T0534,2023-08-22,Slow Performance,High,22,True,True,False
T0535,2023-09-08,Data Export,High,56,False,False,False
T0536,2023-04-27,Access Request,Medium,22,False,False,False
T0537,2023-07-07,Malware Alert,Medium,28,False,False,True
T0538,2023-01-25,Data Export,Low,49,False,False,False
T0539,2023-08-02,Phishing Email,Low,14,False,True,False
T0540,2023-12-22,Slow Performance,Critical,16,False,False,True
T0541,2023-11-15,Data Export,Low,39,False,True,False
T0542,2023-03-02,Phishing Email,Medium,54,False,True,False
T0543,2023-09-25,Access Request,Low,14,False,False,False
T0544,2023-04-17,Malware Alert,High,53,True,True,True
T0545,2023-02-26,Data Export,Critical,43,True,True,True
T0546,2023-02-21,Phishing Email,Critical,20,False,False,True
T0547,2023-02-21,Access Request,Medium,59,False,False,False
T0548,2023-03-01,Malware Alert,Low,38,False,False,False
T0549,2023-07-03,Login Issue,Low,2,False,False,False
T0550,2023-07-24,Slow Performance,High,12,False,False,True
T0551,2023-03-27,Slow Performance,High,50,False,False,False
T0552,2023-10-30,Login Issue,Medium,8,False,False,False
T0553,2023-12-17,Slow Performance,Critical,24,False,False,False
T0554,2023-01-24,Data Export,Medium,62,False,True,False
T0555,2023-10-23,Login Issue,High,41,True,False,False
T0556,2023-08-10,Data Export,Medium,44,False,False,False
T0557,2023-10-13,Data Export,Medium,62,False,False,False
T0558,2023-09-11,Phishing Email,Low,2,False,True,False
T0559,2023-09-17,Malware Alert,Low,63,False,False,True
T0560,2023-10-21,Malware Alert,Critical,52,False,True,True
T0561,2023-12-01,Slow Performance,Low,64,False,True,False
T0562,2023-02-16,Login Issue,Low,52,False,False,True
T0563,2023-06-24,Phishing Email,High,66,False,False,True
T0564,2023-11-04,Access Request,Low,29,False,False,False
T0565,2023-06-24,Slow Performance,High,58,True,False,True
T0566,2023-03-26,Access Request,High,71,False,False,True
T0567,2023-07-21,Slow Performance,Medium,53,True,False,False
T0568,2023-11-21,Malware Alert,Critical,25,False,True,True
T0569,2023-09-13,Data Export,Low,58,False,False,False
T0570,2023-09-18,Login Issue,Low,71,False,False,False
T0571,2023-06-14,Malware Alert,Medium,17,True,False,False
T0572,2023-05-21,Phishing Email,Critical,54,False,False,False
T0573,2023-12-25,Slow Performance,High,38,False,True,False
T0574,2023-11-20,Data Export,High,71,False,False,False
T0575,2023-12-11,Malware Alert,Medium,27,False,False,True
T0576,2023-06-30,Malware Alert,Medium,65,False,False,False
T0577,2023-08-05,Phishing Email,Critical,54,False,False,False
T0578,2023-05-17,Login Issue,Low,4,False,True,True
T0579,2023-04-15,Malware Alert,High,33,True,True,False
T0580,2023-10-15,Phishing Email,Low,46,False,True,False
T0581,2023-12-21,Malware Alert,Critical,31,False,False,False
T0582,2023-06-10,Data Export,Low,49,False,False,False
T0583,2023-08-15,Phishing Email,Low,2,False,True,False
T0584,2023-04-10,Malware Alert,High,70,False,True,False
T0585,2023-09-21,Access Request,Critical,23,False,True,False
T0586,2023-10-27,Login Issue,Critical,6,False,False,True
T0587,2023-06-15,Access Request,Low,43,False,False,True
T0588,2023-12-29,Phishing Email,Low,39,False,False,False
T0589,2023-10-06,Access Request,Medium,24,False,False,False
T0590,2023-06-19,Phishing Email,Critical,12,False,False,False
T0591,2023-10-15,Access Request,High,28,False,False,False
T0592,2023-11-11,Data Export,Low,15,False,False,False
T0593,2023-02-28,Phishing Email,Medium,6,False,False,False
T0594,2023-07-11,Slow Performance,High,70,False,True,False
T0595,2023-09-21,Phishing Email,Critical,63,True,False,True
T0596,2023-11-17,Login Issue,Low,22,False,False,False
T0597,2023-10-03,Login Issue,Medium,28,False,False,False
T0598,2023-06-19,Data Export,Critical,10,False,True,False
T0599,2023-10-22,Login Issue,Low,10,True,False,False
T0600,2023-01-09,Malware Alert,High,53,False,False,True
T0601,2023-10-27,Slow Performance,Low,69,True,False,True
T0602,2023-06-04,Login Issue,Low,46,False,True,False
T0603,2023-12-05,Phishing Email,Low,37,False,False,False
T0604,2023-10-07,Login Issue,Critical,21,False,True,False
T0605,2023-11-28,Access Request,Medium,39,False,False,False
T0606,2023-10-21,Access Request,Low,71,False,True,True
T0607,2023-06-26,Phishing Email,Critical,69,False,True,True
T0608,2023-05-10,Malware Alert,Critical,66,True,True,True
T0609,2023-10-09,Malware Alert,Low,24,False,False,True
T0610,2023-10-25,Slow Performance,Low,38,False,False,False
T0611,2023-11-14,Slow Performance,High,46,True,False,True
T0612,2023-12-22,Login Issue,Medium,41,False,False,False
T0613,2023-06-10,Phishing Email,Medium,47,False,False,True
T0614,2023-06-19,Malware Alert,Medium,56,True,False,False
T0615,2023-03-31,Slow Performance,Critical,58,False,False,False
T0616,2023-05-15,Data Export,Low,36,False,True,False
T0617,2023-10-25,Data Export,Low,10,False,False,False
T0618,2023-10-04,Phishing Email,Critical,28,False,False,False
T0619,2023-05-29,Slow Performance,Medium,47,False,False,False
T0620,2023-12-06,Malware Alert,Critical,65,False,False,False
T0621,2023-10-17,Malware Alert,Medium,66,True,True,False
T0622,2023-04-29,Data Export,Medium,62,False,True,False
T0623,2023-07-04,Login Issue,High,48,True,False,False
T0624,2023-02-22,Slow Performance,Critical,59,False,True,False
T0625,2023-07-13,Data Export,High,34,False,False,False
T0626,2023-07-27,Access Request,Low,67,True,False,False
T0627,2023-03-13,Access Request,High,63,False,False,True
T0628,2023-04-06,Slow Performance,Medium,30,True,False,False
T0629,2023-02-28,Malware Alert,High,16,False,False,True
T0630,2023-01-12,Slow Performance,Critical,62,True,True,False
T0631,2023-01-21,Malware Alert,Low,17,False,True,False
T0632,2023-07-27,Phishing Email,Medium,8,True,False,False
T0633,2023-08-30,Phishing Email,Low,37,False,True,False
T0634,2023-04-04,Slow Performance,Medium,29,False,False,False
T0635,2023-10-30,Phishing Email,High,22,False,False,True
T0636,2023-09-16,Login Issue,Medium,49,False,True,False
T0637,2023-11-04,Data Export,Critical,20,False,True,False
T0638,2023-01-01,Login Issue,Low,12,False,True,False
T0639,2023-08-08,Data Export,Critical,67,False,False,False
T0640,2023-12-23,Malware Alert,Critical,49,False,False,False
T0641,2023-02-12,Phishing Email,Low,55,True,False,True
T0642,2023-10-23,Access Request,Critical,33,True,False,False
T0643,2023-06-11,Phishing Email,Low,67,True,False,False
T0644,2023-10-02,Slow Performance,High,14,True,False,True
T0645,2023-10-10,Slow Performance,High,36,False,False,False
T0646,2023-06-07,Phishing Email,Critical,23,False,False,True
T0647,2023-04-28,Phishing Email,High,51,False,False,False
T0648,2023-10-09,Slow Performance,Medium,13,True,False,False
T0649,2023-03-16,Phishing Email,Low,21,False,False,False
T0650,2023-01-20,Slow Performance,Critical,12,True,True,True
T0651,2023-11-02,Data Export,Critical,52,False,False,False
T0652,2023-09-23,Login Issue,Medium,64,False,True,False
T0653,2023-11-11,Access Request,Medium,5,False,False,False
T0654,2023-05-22,Malware Alert,Low,47,True,True,True
T0655,2023-12-27,Slow Performance,High,51,False,True,True
T0656,2023-06-28,Login Issue,Low,71,True,False,False
T0657,2023-10-22,Access Request,High,29,False,True,False
T0658,2023-05-31,Login Issue,High,23,False,True,True
T0659,2023-10-22,Access Request,Low,66,False,False,False
T0660,2023-08-23,Access Request,Critical,49,False,False,False
T0661,2023-04-23,Data Export,Critical,4,False,False,False
T0662,2023-12-25,Data Export,Medium,41,False,False,False
T0663,2023-02-08,Access Request,Medium,37,True,False,False
T0664,2023-04-04,Phishing Email,Medium,61,False,True,False
T0665,2023-05-16,Data Export,Medium,64,False,True,False
T0666,2023-02-24,Malware Alert,Medium,26,False,False,False
T0667,2023-01-22,Login Issue,Low,64,False,False,False
T0668,2023-05-21,Slow Performance,High,41,False,False,False
T0669,2023-01-28,Slow Performance,Medium,66,True,True,False
T0670,2023-12-18,Phishing Email,Critical,62,False,True,True
T0671,2023-01-07,Malware Alert,Critical,16,False,False,False
T0672,2023-05-13,Data Export,Medium,49,False,False,False
T0673,2023-04-05,Malware Alert,High,31,True,False,True
T0674,2023-07-25,Slow Performance,Critical,27,False,False,False
T0675,2023-02-21,Access Request,Critical,24,False,False,False
T0676,2023-03-18,Data Export,High,31,False,False,True
T0677,2023-11-19,Slow Performance,Low,23,False,True,False
T0678,2023-07-23,Phishing Email,High,63,False,False,False
T0679,2023-02-19,Login Issue,Medium,8,True,False,False
T0680,2023-05-12,Slow Performance,High,34,False,False,False
T0681,2023-04-12,Access Request,Low,53,True,False,False
T0682,2023-08-17,Phishing Email,Medium,37,False,False,False
T0683,2023-11-24,Login Issue,Critical,37,False,False,False
T0684,2023-04-27,Access Request,Critical,52,False,True,True
T0685,2023-08-16,Access Request,High,38,False,False,False
T0686,2023-05-01,Access Request,Critical,53,True,False,True
T0687,2023-08-31,Data Export,High,11,True,False,True
T0688,2023-02-23,Phishing Email,Low,4,False,False,False
T0689,2023-05-07,Access Request,Medium,11,False,False,False
T0690,2023-01-15,Data Export,High,57,False,True,False
T0691,2023-05-20,Login Issue,High,42,False,False,False
T0692,2023-11-02,Phishing Email,Critical,18,False,False,True
T0693,2023-09-04,Slow Performance,Critical,68,False,False,False
T0694,2023-06-05,Phishing Email,Medium,12,False,False,True
T0695,2023-08-29,Login Issue,Low,67,False,False,False
T0696,2023-08-09,Phishing Email,Low,63,False,False,True
T0697,2023-08-12,Access Request,Medium,1,False,True,False
T0698,2023-04-23,Slow Performance,Medium,21,False,False,False
T0699,2023-11-10,Access Request,Low,55,False,False,False
T0700,2023-04-07,Data Export,High,37,False,False,False
T0701,2023-05-20,Login Issue,Medium,18,True,False,False
T0702,2023-01-12,Data Export,Critical,25,False,True,False
T0703,2023-04-30,Malware Alert,Low,37,True,False,False
T0704,2023-09-13,Login Issue,Medium,2,False,False,False
T0705,2023-01-29,Access Request,Critical,5,False,False,False
T0706,2023-05-09,Access Request,Critical,10,False,True,False
T0707,2023-08-15,Slow Performance,Low,16,False,False,False
T0708,2023-04-17,Malware Alert,Low,26,False,False,False
T0709,2023-10-09,Slow Performance,Critical,40,False,True,False
T0710,2023-01-27,Phishing Email,Low,33,False,False,False
T0711,2023-05-22,Data Export,Medium,15,True,False,True
T0712,2023-12-20,Phishing Email,Low,51,False,True,True
T0713,2023-12-18,Slow Performance,Medium,48,False,True,False
T0714,2023-02-24,Phishing Email,High,8,True,False,False
T0715,2023-06-27,Malware Alert,Critical,30,False,False,False
T0716,2023-01-21,Slow Performance,Medium,3,False,False,False
T0717,2023-04-06,Slow Performance,Critical,72,True,False,True
T0718,2023-10-11,Phishing Email,High,42,False,False,False
T0719,2023-07-07,Malware Alert,Low,68,True,False,True
T0720,2023-07-06,Slow Performance,Low,65,False,True,True
T0721,2023-07-18,Phishing Email,Medium,42,False,False,False
T0722,2023-06-14,Malware Alert,Critical,71,True,False,True
T0723,2023-04-02,Login Issue,Low,67,False,True,False
T0724,2023-07-18,Login Issue,Medium,14,False,True,False
T0725,2023-04-24,Data Export,Critical,68,False,False,True
T0726,2023-02-10,Phishing Email,Low,2,False,True,False
T0727,2023-07-08,Slow Performance,Low,47,False,False,False
T0728,2023-02-09,Data Export,Low,35,False,False,False
T0729,2023-09-27,Malware Alert,Low,13,False,False,True
T0730,2023-11-23,Data Export,Medium,23,False,False,False
T0731,2023-04-03,Phishing Email,High,59,False,False,True
T0732,2023-08-15,Phishing Email,Critical,65,False,True,False
T0733,2023-11-21,Access Request,High,71,False,False,False
T0734,2023-05-11,Slow Performance,High,31,False,True,False
T0735,2023-05-26,Access Request,Critical,58,False,True,True
T0736,2023-04-24,Phishing Email,Low,67,True,False,True
T0737,2023-10-11,Malware Alert,High,3,False,False,False
T0738,2023-07-07,Phishing Email,Medium,13,True,False,True
T0739,2023-10-19,Phishing Email,Medium,30,True,False,False
T0740,2023-12-20,Malware Alert,Low,42,False,True,False
T0741,2023-01-29,Data Export,Low,39,True,False,False
T0742,2023-04-27,Access Request,High,56,False,False,False
T0743,2023-10-17,Data Export,Low,49,True,False,False
T0744,2023-07-21,Malware Alert,High,65,False,True,False
T0745,2023-06-22,Slow Performance,Low,29,False,False,False
T0746,2023-08-11,Login Issue,Critical,7,False,False,False
T0747,2023-10-20,Data Export,Medium,18,False,True,False
T0748,2023-10-22,Malware Alert,Medium,32,True,False,True
T0749,2023-11-01,Login Issue,Low,53,False,False,False
T0750,2023-08-15,Data Export,Low,40,True,False,False
T0751,2023-07-11,Phishing Email,Medium,57,True,False,True
T0752,2023-03-17,Malware Alert,Low,15,False,True,False
T0753,2023-01-12,Access Request,Low,44,False,True,False
T0754,2023-10-08,Access Request,Medium,69,True,False,False
T0755,2023-05-11,Slow Performance,Medium,3,False,False,False
T0756,2023-08-27,Malware Alert,Low,37,True,False,True
T0757,2023-12-04,Data Export,Low,9,False,False,False
T0758,2023-07-14,Access Request,Low,3,True,False,False
T0759,2023-04-12,Phishing Email,Low,41,False,False,True
T0760,2023-09-29,Phishing Email,Critical,72,False,True,True
T0761,2023-06-30,Access Request,High,63,False,True,False
T0762,2023-02-01,Access Request,High,31,False,False,False
T0763,2023-10-12,Data Export,High,50,False,False,True
T0764,2023-07-15,Access Request,Medium,20,False,False,False
T0765,2023-11-06,Phishing Email,Medium,54,True,True,False
T0766,2023-12-17,Access Request,Critical,70,True,False,False
T0767,2023-08-09,Malware Alert,Medium,40,False,False,False
T0768,2023-04-05,Malware Alert,Medium,41,True,False,False
T0769,2023-07-30,Access Request,Medium,4,False,False,False
T0770,2023-01-14,Access Request,Critical,36,True,True,True
T0771,2023-02-10,Phishing Email,High,30,False,True,True
T0772,2023-07-11,Data Export,Critical,18,False,False,False
T0773,2023-07-29,Malware Alert,Critical,63,False,True,True
T0774,2023-04-15,Login Issue,High,53,True,False,True
T0775,2023-08-23,Login Issue,Medium,57,False,False,False
T0776,2023-06-10,Malware Alert,Critical,52,False,False,False
T0777,2023-05-06,Slow Performance,Low,67,True,False,False
T0778,2023-01-26,Phishing Email,Critical,6,False,False,False
T0779,2023-08-25,Malware Alert,High,57,False,False,False
T0780,2023-03-14,Malware Alert,Critical,38,False,True,True
T0781,2023-12-23,Slow Performance,Critical,12,False,True,False
T0782,2023-10-30,Phishing Email,Medium,51,False,False,True
T0783,2023-12-31,Data Export,Medium,59,True,False,False
T0784,2023-09-26,Malware Alert,Low,12,True,False,True
T0785,2023-01-23,Data Export,Critical,66,False,True,False
T0786,2023-01-27,Malware Alert,High,20,True,True,False
T0787,2023-04-03,Slow Performance,High,40,False,False,False
T0788,2023-09-12,Login Issue,Medium,26,True,False,True
T0789,2023-07-29,Slow Performance,Low,64,True,False,False
T0790,2023-10-13,Slow Performance,Low,1,True,False,False
T0791,2023-01-17,Malware Alert,Low,24,True,False,True
T0792,2023-04-02,Data Export,High,43,False,True,False
T0793,2023-01-19,Malware Alert,High,72,True,False,True
T0794,2023-08-07,Login Issue,High,42,False,False,True
T0795,2023-06-18,Phishing Email,Low,38,False,True,False
T0796,2023-10-20,Phishing Email,Critical,68,True,True,True
T0797,2023-12-28,Data Export,Low,62,False,False,False
T0798,2023-03-08,Access Request,Critical,41,True,False,False
T0799,2023-11-09,Phishing Email,Critical,67,False,False,False
T0800,2023-03-02,Malware Alert,High,25,True,True,True
T0801,2023-11-23,Data Export,Medium,54,False,False,False
T0802,2023-06-03,Malware Alert,Low,26,False,False,True
T0803,2023-10-19,Phishing Email,High,1,True,False,True
T0804,2023-09-03,Phishing Email,Low,23,True,False,False
T0805,2023-10-02,Slow Performance,Low,18,False,False,False
T0806,2023-10-17,Access Request,Critical,53,False,True,False
T0807,2023-07-01,Data Export,High,72,False,True,False
T0808,2023-10-01,Login Issue,Medium,36,False,False,False
T0809,2023-12-28,Malware Alert,Critical,24,False,False,False
T0810,2023-08-20,Access Request,Low,35,False,False,False
T0811,2023-04-14,Access Request,Medium,68,False,True,False
T0812,2023-04-08,Login Issue,Critical,65,True,False,False
T0813,2023-02-20,Access Request,Critical,68,False,False,False
T0814,2023-09-25,Phishing Email,Medium,27,False,False,False
T0815,2023-02-14,Login Issue,Low,40,False,False,False
T0816,2023-01-12,Access Request,Critical,6,True,False,False
T0817,2023-06-13,Phishing Email,High,27,False,True,True
T0818,2023-11-15,Slow Performance,Low,35,True,False,True
T0819,2023-12-27,Phishing Email,Low,27,False,False,True
T0820,2023-08-16,Access Request,Medium,22,True,False,False
T0821,2023-01-28,Login Issue,Medium,4,False,False,False
T0822,2023-12-20,Login Issue,Critical,51,True,False,False
T0823,2023-12-10,Data Export,Critical,46,False,False,False
T0824,2023-12-24,Phishing Email,Low,60,False,True,False
T0825,2023-08-29,Slow Performance,Low,59,False,False,False
T0826,2023-07-20,Malware Alert,Medium,19,False,False,False
T0827,2023-06-29,Malware Alert,High,42,False,True,True
T0828,2023-09-18,Slow Performance,Critical,22,True,False,False
T0829,2023-09-30,Login Issue,Critical,14,False,False,False
T0830,2023-09-04,Slow Performance,Critical,53,True,True,True
T0831,2023-08-11,Slow Performance,Low,44,True,False,False
T0832,2023-12-31,Phishing Email,High,70,False,True,False
T0833,2023-08-16,Phishing Email,Critical,15,False,False,False
T0834,2023-07-14,Malware Alert,High,52,True,True,False
T0835,2023-11-22,Access Request,Critical,8,True,False,False
T0836,2023-08-17,Login Issue,Medium,20,False,False,False
T0837,2023-08-11,Malware Alert,Medium,41,True,False,False
T0838,2023-03-07,Data Export,High,12,False,False,False
T0839,2023-10-14,Access Request,Low,48,False,False,True
T0840,2023-07-21,Access Request,Low,37,False,True,False
T0841,2023-03-30,Data Export,High,49,False,False,False
T0842,2023-08-02,Slow Performance,Medium,25,False,False,False
T0843,2023-09-07,Malware Alert,High,17,True,True,True
T0844,2023-08-22,Data Export,Critical,18,True,False,False
T0845,2023-07-16,Data Export,Critical,24,False,False,False
T0846,2023-05-02,Access Request,Medium,24,False,True,False
T0847,2023-01-20,Data Export,High,53,False,False,True
T0848,2023-03-14,Phishing Email,Critical,48,True,False,False
T0849,2023-05-06,Data Export,High,60,False,False,False
T0850,2023-06-25,Slow Performance,Low,70,False,False,False
T0851,2023-06-19,Phishing Email,Low,61,False,False,False
T0852,2023-06-05,Slow Performance,High,38,True,True,False
T0853,2023-12-03,Data Export,High,8,False,False,False
T0854,2023-05-23,Access Request,Low,37,False,True,True
T0855,2023-11-06,Access Request,Medium,36,True,False,False
T0856,2023-05-01,Malware Alert,Medium,58,False,True,False
T0857,2023-03-16,Slow Performance,Medium,68,False,False,False
T0858,2023-12-05,Phishing Email,Medium,64,False,False,False
T0859,2023-05-16,Slow Performance,Medium,27,False,False,False
T0860,2023-09-30,Login Issue,Low,22,False,False,False
T0861,2023-01-07,Malware Alert,Critical,50,False,True,False
T0862,2023-01-22,Access Request,Critical,49,False,False,False
T0863,2023-05-19,Login Issue,High,56,False,False,False
T0864,2023-05-04,Access Request,Low,33,False,False,False
T0865,2023-10-08,Data Export,Medium,67,False,False,False
T0866,2023-08-17,Login Issue,Low,9,True,True,True
T0867,2023-01-30,Access Request,Medium,37,True,True,False
T0868,2023-03-08,Phishing Email,Medium,16,False,True,False
T0869,2023-02-08,Slow Performance,Medium,15,False,False,False
T0870,2023-06-15,Data Export,Critical,36,False,False,False
T0871,2023-01-31,Access Request,Medium,10,True,True,False
T0872,2023-11-09,Access Request,High,23,False,False,False
T0873,2023-11-11,Slow Performance,Medium,63,True,False,False
T0874,2023-10-20,Data Export,Low,57,False,True,True
T0875,2023-01-01,Data Export,High,58,True,False,False
T0876,2023-01-02,Login Issue,Critical,35,True,False,False
T0877,2023-02-05,Phishing Email,Critical,62,False,False,False
T0878,2023-03-04,Phishing Email,Medium,1,False,False,False
T0879,2023-11-28,Phishing Email,High,43,False,False,False
T0880,2023-05-29,Login Issue,High,69,False,False,False
T0881,2023-06-03,Data Export,Medium,23,False,False,False
T0882,2023-11-20,Data Export,Critical,14,False,False,True
T0883,2023-05-03,Slow Performance,Medium,18,True,True,False
T0884,2023-08-19,Slow Performance,Critical,9,False,False,False
T0885,2023-03-02,Login Issue,Low,44,True,False,True
T0886,2023-01-19,Malware Alert,Critical,69,True,False,False
T0887,2023-01-24,Data Export,Medium,63,False,False,False
T0888,2023-02-19,Malware Alert,Medium,2,True,True,True
T0889,2023-11-12,Slow Performance,Medium,9,False,True,False
T0890,2023-12-14,Malware Alert,Low,26,False,False,False
T0891,2023-04-20,Slow Performance,High,16,False,False,True
T0892,2023-03-28,Login Issue,Medium,43,True,False,False
T0893,2023-03-10,Data Export,High,71,True,True,False
T0894,2023-04-02,Login Issue,Critical,21,True,False,True
T0895,2023-03-06,Login Issue,High,54,False,False,False
T0896,2023-11-09,Malware Alert,Medium,35,False,False,False
T0897,2023-06-04,Data Export,Low,24,False,False,False
T0898,2023-02-18,Access Request,Critical,1,False,True,False
T0899,2023-04-17,Phishing Email,High,70,False,False,False
T0900,2023-08-31,Access Request,Low,25,True,True,False
T0901,2023-05-26,Slow Performance,Medium,21,False,True,False
T0902,2023-01-23,Malware Alert,Critical,33,False,False,False
T0903,2023-03-01,Login Issue,Low,69,True,False,False
T0904,2023-12-13,Login Issue,Medium,57,False,False,False
T0905,2023-04-13,Access Request,Medium,15,False,True,False
T0906,2023-03-16,Slow Performance,Medium,10,False,False,False
T0907,2023-11-20,Malware Alert,Critical,23,False,True,False
T0908,2023-05-24,Access Request,High,26,False,True,False
T0909,2023-06-01,Malware Alert,Low,60,False,True,True
T0910,2023-07-30,Phishing Email,Medium,22,False,False,True
T0911,2023-08-08,Phishing Email,Critical,28,False,False,True
T0912,2023-10-30,Data Export,Medium,32,False,False,False
T0913,2023-09-16,Malware Alert,Low,54,False,True,False
T0914,2023-02-20,Login Issue,Critical,68,False,False,False
T0915,2023-07-28,Slow Performance,Critical,31,True,False,False
T0916,2023-09-03,Malware Alert,Medium,46,True,False,True
T0917,2023-01-13,Data Export,High,21,False,False,False
T0918,2023-07-09,Slow Performance,Critical,18,False,False,False
T0919,2023-06-20,Data Export,Critical,1,False,True,False
T0920,2023-10-05,Phishing Email,Low,38,False,False,False
T0921,2023-09-21,Phishing Email,Medium,11,False,False,False
T0922,2023-07-07,Data Export,High,7,True,False,False
T0923,2023-03-12,Access Request,Medium,72,False,False,False
T0924,2023-10-25,Access Request,Medium,70,True,False,False
T0925,2023-08-05,Data Export,Medium,29,False,False,False
T0926,2023-03-04,Access Request,Low,9,False,False,False
T0927,2023-02-03,Slow Performance,High,58,False,False,False
T0928,2023-02-09,Malware Alert,Critical,12,True,False,True
T0929,2023-04-15,Login Issue,Medium,36,True,True,True
T0930,2023-08-31,Phishing Email,Low,38,False,False,False
T0931,2023-01-12,Access Request,Critical,57,False,True,True
T0932,2023-09-06,Malware Alert,High,53,False,False,False
T0933,2023-03-29,Phishing Email,Critical,59,False,True,False
T0934,2023-03-17,Access Request,Medium,62,False,False,False
T0935,2023-10-02,Access Request,High,59,False,False,True
T0936,2023-03-20,Access Request,Medium,23,False,False,False
T0937,2023-05-14,Malware Alert,Medium,15,True,False,True
T0938,2023-06-26,Access Request,Medium,27,False,True,False
T0939,2023-01-13,Malware Alert,High,58,False,True,True
T0940,2023-10-07,Slow Performance,Critical,19,False,False,True
T0941,2023-10-21,Phishing Email,High,38,False,False,False
T0942,2023-01-21,Data Export,Medium,57,False,True,False
T0943,2023-07-02,Malware Alert,Low,40,True,False,True
T0944,2023-05-23,Login Issue,High,8,False,True,False
T0945,2023-02-14,Malware Alert,Low,11,False,False,False
T0946,2023-01-29,Phishing Email,Critical,25,False,False,False
T0947,2023-07-10,Data Export,High,51,True,False,False
T0948,2023-02-14,Login Issue,High,45,False,False,False
T0949,2023-08-06,Malware Alert,Critical,54,False,False,False
T0950,2023-06-05,Data Export,Critical,18,False,False,True
T0951,2023-01-04,Slow Performance,High,9,False,False,False
T0952,2023-03-12,Slow Performance,High,54,True,False,False
T0953,2023-06-04,Malware Alert,Medium,49,True,False,False
T0954,2023-01-02,Phishing Email,High,64,False,False,True
T0955,2023-12-01,Malware Alert,High,39,False,False,True
T0956,2023-01-15,Data Export,High,54,True,False,False
T0957,2023-10-25,Login Issue,High,64,False,True,False
T0958,2023-03-03,Slow Performance,Critical,34,False,False,False
T0959,2023-12-21,Access Request,Low,34,True,True,False
T0960,2023-07-02,Malware Alert,High,21,True,False,False
T0961,2023-11-18,Login Issue,High,38,False,False,False
T0962,2023-12-17,Malware Alert,Low,22,False,False,False
T0963,2023-01-07,Access Request,High,47,True,False,False
T0964,2023-03-25,Malware Alert,High,48,False,False,False
T0965,2023-10-14,Login Issue,Medium,20,False,False,False
T0966,2023-01-09,Phishing Email,Low,54,False,True,False
T0967,2023-11-02,Slow Performance,High,40,False,True,False
T0968,2023-04-24,Phishing Email,High,23,False,True,False
T0969,2023-08-06,Malware Alert,Medium,30,False,True,False
T0970,2023-04-11,Data Export,Low,10,True,False,False
T0971,2023-01-23,Login Issue,Low,66,False,False,False
T0972,2023-04-16,Login Issue,High,2,False,False,False
T0973,2023-05-23,Phishing Email,Medium,24,False,True,True
T0974,2023-05-04,Phishing Email,High,46,True,False,False
T0975,2023-04-09,Phishing Email,Low,13,False,False,False
T0976,2023-09-16,Access Request,Medium,69,True,False,False
T0977,2023-02-24,Data Export,Critical,47,False,True,False
T0978,2023-06-10,Malware Alert,High,49,False,False,True
T0979,2023-05-28,Login Issue,Critical,15,False,False,False
T0980,2023-11-04,Phishing Email,Low,11,False,True,True
T0981,2023-08-08,Data Export,High,57,True,False,False
T0982,2023-12-12,Malware Alert,Low,61,False,False,True
T0983,2023-03-15,Slow Performance,Low,51,False,False,False
T0984,2023-07-06,Slow Performance,Critical,14,False,False,True
T0985,2023-08-06,Malware Alert,High,26,False,False,True
T0986,2023-11-26,Data Export,Critical,36,False,False,False
T0987,2023-09-19,Slow Performance,High,61,False,False,False
T0988,2023-11-18,Access Request,Medium,59,True,False,False
T0989,2023-01-14,Malware Alert,Low,13,False,False,False
T0990,2023-02-09,Malware Alert,Critical,42,True,False,True
T0991,2023-05-14,Data Export,Critical,60,True,False,False
T0992,2023-08-09,Phishing Email,High,70,False,False,True
T0993,2023-01-17,Login Issue,Critical,58,False,False,False
T0994,2023-09-07,Malware Alert,High,22,False,True,False
T0995,2023-03-22,Login Issue,Critical,71,False,False,False
T0996,2023-12-13,Phishing Email,Low,51,True,False,True
T0997,2023-07-07,Access Request,High,42,True,False,True
T0998,2023-07-30,Access Request,Low,44,False,False,False
T0999,2023-12-19,Access Request,Low,32,True,False,False
T1000,2023-08-24,Login Issue,High,15,False,True,False
